,Unnamed: 0,CRIM,ZN,INDUS,CHAS,NOX,RM,AGE,DIS,RAD,TAX,PT,B,LSTAT,Price
0,0,0.00632,18.0,2.309999943,0,0.5379999879999999,6.574999809,65.19999695,4.090000153,1,296,15.30000019,396.8999939,4.980000018999999,504.0
1,1,0.027310001,0.0,7.070000172,0,0.469000012,6.421000004,78.90000153,4.967100143,2,242,17.79999924,396.8999939,9.140000342999999,453.600008
2,2,0.02729,0.0,7.070000172,0,0.469000012,7.184999942999999,61.09999847,4.967100143,2,242,17.79999924,392.8299866,4.03000021,728.700016
3,3,0.032370001,0.0,2.180000067,0,0.458000004,6.998000145,45.79999924,6.062200069,3,222,18.70000076,394.6300049,2.940000057,701.4000321000002
4,4,0.069049999,0.0,2.180000067,0,0.458000004,7.146999836,54.20000076,6.062200069,3,222,18.70000076,396.8999939,5.329999924,760.200016
5,5,0.029850001,0.0,2.180000067,0,0.458000004,6.429999828,58.70000076,6.062200069,3,222,18.70000076,394.1199951,5.210000038,602.700016
6,6,0.08828999800000001,12.5,7.869999886,0,0.523999989,6.0120000839999985,66.59999847,5.560500145,5,311,15.19999981,395.6000061,12.43000031,480.899992
7,7,0.144549996,12.5,7.869999886,0,0.523999989,6.171999931,96.09999847,5.950500011,5,311,15.19999981,396.8999939,19.14999962,569.100008
8,8,0.211239994,12.5,7.869999886,0,0.523999989,5.631000042,100.0,6.082099915,5,311,15.19999981,386.6300049,29.93000031,346.5
9,9,0.170039997,12.5,7.869999886,0,0.523999989,6.004000187000001,85.90000153,6.592100143,5,311,15.19999981,386.7099915,17.10000038,396.899992
10,10,0.224889994,12.5,7.869999886,0,0.523999989,6.376999855,94.30000305,6.346700191,5,311,15.19999981,392.519989,20.45000076,315.0
11,11,0.117470004,12.5,7.869999886,0,0.523999989,6.008999825,82.90000153,6.226699829,5,311,15.19999981,396.8999939,13.27000046,396.899992
12,12,0.093780003,12.5,7.869999886,0,0.523999989,5.888999939,39.0,5.450900077999999,5,311,15.19999981,390.5,15.71000004,455.700016
13,13,0.629760027,0.0,8.140000342999999,0,0.5379999879999999,5.948999882000001,61.79999924,4.707499981000001,4,307,21.0,396.8999939,8.260000229,428.399992
14,14,0.637960017,0.0,8.140000342999999,0,0.5379999879999999,6.096000195,84.5,4.461900234,4,307,21.0,380.019989,10.26000023,382.200016
15,15,0.627390027,0.0,8.140000342999999,0,0.5379999879999999,5.834000111,56.5,4.498600006,4,307,21.0,395.6199951,8.470000267,417.899992
16,16,1.053930044,0.0,8.140000342999999,0,0.5379999879999999,5.934999942999999,29.29999924,4.498600006,4,307,21.0,386.8500061,6.579999924,485.100008
17,17,0.784200013,0.0,8.140000342999999,0,0.5379999879999999,5.989999771,81.69999695,4.257900238,4,307,21.0,386.75,14.67000008,367.5
18,18,0.802709997,0.0,8.140000342999999,0,0.5379999879999999,5.4559998510000005,36.59999847,3.796499968,4,307,21.0,288.9899902,11.68999958,424.200016
19,19,0.725799978,0.0,8.140000342999999,0,0.5379999879999999,5.727000237,69.5,3.796499968,4,307,21.0,390.9500122,11.27999973,382.200016
20,20,1.251790047,0.0,8.140000342999999,0,0.5379999879999999,5.570000172,98.09999847,3.797899961,4,307,21.0,376.5700073,21.02000046,285.600008
21,21,0.852039993,0.0,8.140000342999999,0,0.5379999879999999,5.965000152999999,89.19999695,4.012300014,4,307,21.0,392.5299988,13.82999992,411.600008
22,22,1.232470036,0.0,8.140000342999999,0,0.5379999879999999,6.142000198,91.69999695,3.976900101,4,307,21.0,396.8999939,18.71999931,319.199996
23,23,0.988430023,0.0,8.140000342999999,0,0.5379999879999999,5.813000202,100.0,4.095200062,4,307,21.0,394.5400085,19.87999916,304.5
24,24,0.750259995,0.0,8.140000342999999,0,0.5379999879999999,5.923999786,94.09999847,4.399600029,4,307,21.0,394.3299866,16.29999924,327.600008
25,25,0.8405399920000001,0.0,8.140000342999999,0,0.5379999879999999,5.598999977,85.69999695,4.454599857,4,307,21.0,303.4200134,16.51000023,291.899992
26,26,0.671909988,0.0,8.140000342999999,0,0.5379999879999999,5.813000202,90.30000305,4.68200016,4,307,21.0,376.8800049,14.81000042,348.600008
27,27,0.955770016,0.0,8.140000342999999,0,0.5379999879999999,6.046999931,88.80000305,4.453400135,4,307,21.0,306.3800049,17.28000069,310.800004
28,28,0.772989988,0.0,8.140000342999999,0,0.5379999879999999,6.494999886,94.40000153,4.454699993,4,307,21.0,387.9400024,12.80000019,386.399992
29,29,1.002449989,0.0,8.140000342999999,0,0.5379999879999999,6.673999786,87.30000305,4.2389998439999985,4,307,21.0,380.230011,11.97999954,441.0
30,30,1.130810022,0.0,8.140000342999999,0,0.5379999879999999,5.712999821,94.09999847,4.232999802,4,307,21.0,360.1700134,22.60000038,266.699996
31,31,1.354719996,0.0,8.140000342999999,0,0.5379999879999999,6.0720000270000005,100.0,4.1750001910000005,4,307,21.0,376.730011,13.03999996,304.5
32,32,1.387989998,0.0,8.140000342999999,0,0.5379999879999999,5.949999809,82.0,3.99000001,4,307,21.0,232.6000061,27.70999908,277.199996
33,33,1.151720047,0.0,8.140000342999999,0,0.5379999879999999,5.701000214,95.0,3.787199974,4,307,21.0,358.769989,18.35000038,275.100008
34,34,1.612820029,0.0,8.140000342999999,0,0.5379999879999999,6.096000195,96.90000153,3.759799957,4,307,21.0,248.3099976,20.34000015,283.5
35,35,0.064170003,0.0,5.960000038,0,0.499000013,5.933000087999999,68.19999695,3.360300064,5,279,19.20000076,396.8999939,9.680000305,396.899992
36,36,0.097439997,0.0,5.960000038,0,0.499000013,5.84100008,61.40000153,3.377899885,5,279,19.20000076,377.5599976,11.40999985,420.0
37,37,0.080140002,0.0,5.960000038,0,0.499000013,5.849999905,41.5,3.934200048,5,279,19.20000076,396.8999939,8.770000458,441.0
38,38,0.175050005,0.0,5.960000038,0,0.499000013,5.96600008,30.20000076,3.847300053,5,279,19.20000076,393.4299927,10.13000011,518.700016
39,39,0.027629999,75.0,2.950000048,0,0.428000003,6.59499979,21.79999924,5.4011001589999985,3,252,18.29999924,395.6300049,4.320000172,646.799984
40,40,0.033589999999999995,75.0,2.950000048,0,0.428000003,7.024000168,15.80000019,5.4011001589999985,3,252,18.29999924,395.6199951,1.980000019,732.9000321000002
41,41,0.127440006,0.0,6.909999847000001,0,0.448000014,6.7699999810000016,2.900000095,5.720900059,3,233,17.89999962,385.4100037,4.840000153,558.600008
42,42,0.141499996,0.0,6.909999847000001,0,0.448000014,6.169000149,6.599999905,5.720900059,3,233,17.89999962,383.3699951,5.809999942999999,531.299984
43,43,0.159360006,0.0,6.909999847000001,0,0.448000014,6.210999966,6.5,5.720900059,3,233,17.89999962,394.4599915,7.440000057000001,518.700016
44,44,0.12269,0.0,6.909999847000001,0,0.448000014,6.068999767,40.0,5.720900059,3,233,17.89999962,389.3900146,9.550000191,445.200016
45,45,0.17141999300000002,0.0,6.909999847000001,0,0.448000014,5.68200016,33.79999924,5.100399971,3,233,17.89999962,396.8999939,10.21000004,405.299984
46,46,0.188360006,0.0,6.909999847000001,0,0.448000014,5.785999775,33.29999924,5.100399971,3,233,17.89999962,396.8999939,14.14999962,420.0
47,47,0.229269996,0.0,6.909999847000001,0,0.448000014,6.03000021,85.5,5.689400196,3,233,17.89999962,392.7399902,18.79999924,348.600008
48,48,0.25387001,0.0,6.909999847000001,0,0.448000014,5.399000168,95.30000305,5.869999886,3,233,17.89999962,396.8999939,30.80999947,302.399992
49,49,0.219769999,0.0,6.909999847000001,0,0.448000014,5.602000237,62.0,6.08769989,3,233,17.89999962,396.8999939,16.20000076,407.399992
50,50,0.08872999999999999,21.0,5.639999866,0,0.43900001,5.962999821,45.70000076,6.814700127,4,243,16.79999924,395.5599976,13.44999981,413.700016
51,51,0.043370001,21.0,5.639999866,0,0.43900001,6.114999771,63.0,6.814700127,4,243,16.79999924,393.9700012,9.430000305,430.5
52,52,0.053599998,21.0,5.639999866,0,0.43900001,6.5110001560000015,21.10000038,6.814700127,4,243,16.79999924,396.8999939,5.28000021,525.0
53,53,0.04981,21.0,5.639999866,0,0.43900001,5.998000145,21.39999962,6.814700127,4,243,16.79999924,396.8999939,8.430000305,491.399992
54,54,0.0136,75.0,4.0,0,0.409999996,5.888000011,47.59999847,7.319699764,3,469,21.10000038,396.8999939,14.80000019,396.899992
55,55,0.01311,90.0,1.2200000290000002,0,0.4029999970000001,7.249000072,21.89999962,8.69659996,5,226,17.89999962,395.9299927,4.809999943,743.4000321000002
56,56,0.02055,85.0,0.74000001,0,0.409999996,6.382999897,35.70000076,9.187600136,2,313,17.29999924,396.8999939,5.7699999810000016,518.700016
57,57,0.01432,100.0,1.320000052,0,0.411000013,6.815999985,40.5,8.324799537999999,5,256,15.10000038,392.8999939,3.950000048,663.600008
58,58,0.154449999,25.0,5.130000114,0,0.453000009,6.1449999810000016,29.20000076,7.814799786,8,284,19.70000076,390.6799927,6.860000134,489.299984
59,59,0.10328,25.0,5.130000114,0,0.453000009,5.927000046,47.20000076,6.93200016,8,284,19.70000076,396.8999939,9.220000267,411.600008
60,60,0.149320006,25.0,5.130000114,0,0.453000009,5.741000175,66.19999695,7.225399971,8,284,19.70000076,395.1099854,13.14999962,392.700016
61,61,0.17170999899999995,25.0,5.130000114,0,0.453000009,5.96600008,93.40000153,6.818500042,8,284,19.70000076,378.0799866,14.43999958,336.0
62,62,0.110270001,25.0,5.130000114,0,0.453000009,6.4559998510000005,67.80000305,7.225500107,8,284,19.70000076,396.8999939,6.7300000189999984,466.200016
63,63,0.126499996,25.0,5.130000114,0,0.453000009,6.7620000839999985,43.40000153,7.980899811,8,284,19.70000076,395.5799866,9.5,525.0
64,64,0.019509999,17.5,1.379999995,0,0.416099995,7.104000092000001,59.5,9.222900391,3,216,18.60000038,393.2399902,8.050000191,693.0
65,65,0.035840001,80.0,3.3699998860000004,0,0.398000002,6.289999962,17.79999924,6.611499786,4,337,16.10000038,396.8999939,4.670000076,493.5
66,66,0.043790001,80.0,3.3699998860000004,0,0.398000002,5.787000179,31.10000038,6.611499786,4,337,16.10000038,396.8999939,10.23999977,407.399992
67,67,0.057890002,12.5,6.070000172,0,0.409000009,5.877999783,21.39999962,6.498000145,4,345,18.89999962,396.2099915,8.100000381000001,462.0
68,68,0.135539994,12.5,6.070000172,0,0.409000009,5.593999863,36.79999924,6.498000145,4,345,18.89999962,396.8999939,13.09000015,365.399992
69,69,0.12816,12.5,6.070000172,0,0.409000009,5.885000229,33.0,6.498000145,4,345,18.89999962,396.8999939,8.789999962000001,438.899992
70,70,0.08826000199999999,0.0,10.81000042,0,0.412999988,6.416999817000001,6.599999905,5.28730011,4,305,19.20000076,383.730011,6.71999979,508.200016
71,71,0.158759996,0.0,10.81000042,0,0.412999988,5.960999966,17.5,5.28730011,4,305,19.20000076,376.9400024,9.880000114,455.700016
72,72,0.091640003,0.0,10.81000042,0,0.412999988,6.065000057000001,7.800000191,5.28730011,4,305,19.20000076,390.9100037,5.5199999810000016,478.799984
73,73,0.195390001,0.0,10.81000042,0,0.412999988,6.244999886,6.199999809,5.28730011,4,305,19.20000076,377.1700134,7.539999962,491.399992
74,74,0.078960001,0.0,12.82999992,0,0.437000006,6.272999763,6.0,4.25150013,5,398,18.70000076,394.9200134,6.78000021,506.100008
75,75,0.095119998,0.0,12.82999992,0,0.437000006,6.285999775,45.0,4.502600193,5,398,18.70000076,383.230011,8.93999958,449.399992
76,76,0.101530001,0.0,12.82999992,0,0.437000006,6.278999805,74.5,4.052199841,5,398,18.70000076,373.6600037,11.97000027,420.0
77,77,0.087070003,0.0,12.82999992,0,0.437000006,6.139999866,45.79999924,4.090499878,5,398,18.70000076,386.9599915,10.27000046,436.799984
78,78,0.056460001,0.0,12.82999992,0,0.437000006,6.231999874,53.70000076,5.014100075,5,398,18.70000076,386.3999939,12.34000015,445.200016
79,79,0.083870001,0.0,12.82999992,0,0.437000006,5.874000072,36.59999847,4.502600193,5,398,18.70000076,396.0599976,9.100000381000001,426.299984
80,80,0.041129999,25.0,4.860000134,0,0.425999999,6.727000237,33.5,5.400700092,4,281,19.0,396.8999939,5.289999962,588.0
81,81,0.04462,25.0,4.860000134,0,0.425999999,6.618999958,70.40000153,5.400700092,4,281,19.0,395.6300049,7.21999979,501.899992
82,82,0.036589999,25.0,4.860000134,0,0.425999999,6.302000046,32.20000076,5.400700092,4,281,19.0,396.8999939,6.71999979,520.799984
83,83,0.03551,25.0,4.860000134,0,0.425999999,6.166999817000001,46.70000076,5.400700092,4,281,19.0,390.6400146,7.510000229,480.899992
84,84,0.050590001,0.0,4.489999771,0,0.449000001,6.388999939,48.0,4.779399872,3,247,18.5,396.8999939,9.619999886,501.899992
85,85,0.05734999900000001,0.0,4.489999771,0,0.449000001,6.630000114,56.09999847,4.437699795,3,247,18.5,392.2999878,6.53000021,558.600008
86,86,0.051879998,0.0,4.489999771,0,0.449000001,6.014999866,45.09999847,4.427199841,3,247,18.5,395.9899902,12.85999966,472.5
87,87,0.071510002,0.0,4.489999771,0,0.449000001,6.120999812999999,56.79999924,3.747600079,3,247,18.5,395.1499939,8.43999958,466.200016
88,88,0.056600001,0.0,3.410000086,0,0.488999993,7.006999969,86.30000305,3.421700001,2,270,17.79999924,396.8999939,5.5,495.600008
89,89,0.053020000000000005,0.0,3.410000086,0,0.488999993,7.078999996,63.09999847,3.414499998,2,270,17.79999924,396.0599976,5.699999809,602.700016
90,90,0.046840001,0.0,3.410000086,0,0.488999993,6.416999817000001,66.09999847,3.092299938,2,270,17.79999924,392.1799927,8.81000042,474.600008
91,91,0.03932,0.0,3.410000086,0,0.488999993,6.40500021,73.90000153,3.092099905,2,270,17.79999924,393.5499878,8.199999809,462.0
92,92,0.042029999000000005,28.0,15.03999996,0,0.463999987,6.441999912000001,53.59999847,3.665899992,4,270,18.20000076,395.0100098,8.159999847,480.899992
93,93,0.028750001,28.0,15.03999996,0,0.463999987,6.210999966,28.89999962,3.665899992,4,270,18.20000076,396.3299866,6.210000038,525.0
94,94,0.042939998,28.0,15.03999996,0,0.463999987,6.249000072,77.30000305,3.61500001,4,270,18.20000076,396.8999939,10.59000015,432.600008
95,95,0.122040004,0.0,2.890000105,0,0.444999993,6.625,57.79999924,3.495199919,2,276,18.0,357.980011,6.650000095,596.399992
96,96,0.115039997,0.0,2.890000105,0,0.444999993,6.163000107,69.59999847,3.495199919,2,276,18.0,391.8299866,11.34000015,449.399992
97,97,0.120829999,0.0,2.890000105,0,0.444999993,8.069000244,76.0,3.495199919,2,276,18.0,396.8999939,4.210000038,812.700016
98,98,0.081869997,0.0,2.890000105,0,0.444999993,7.820000172,36.90000153,3.495199919,2,276,18.0,393.5299988,3.569999933,919.799984
99,99,0.06859999900000001,0.0,2.890000105,0,0.444999993,7.415999889,62.5,3.495199919,2,276,18.0,396.8999939,6.190000057000001,697.200016
100,100,0.148660004,0.0,8.56000042,0,0.519999981,6.727000237,79.90000153,2.7778000830000003,5,384,20.89999962,394.7600098,9.420000076,577.5
101,101,0.114320002,0.0,8.56000042,0,0.519999981,6.781000137,71.30000305,2.856100082,5,384,20.89999962,395.5799866,7.670000076,556.5
102,102,0.228760004,0.0,8.56000042,0,0.519999981,6.40500021,85.40000153,2.714699984,5,384,20.89999962,70.80000305,10.63000011,390.600008
103,103,0.211610004,0.0,8.56000042,0,0.519999981,6.1370000839999985,87.40000153,2.714699984,5,384,20.89999962,394.4700012,13.43999958,405.299984
104,104,0.139599994,0.0,8.56000042,0,0.519999981,6.166999817000001,90.0,2.421000004,5,384,20.89999962,392.6900024,12.32999992,422.100008
105,105,0.13262000699999998,0.0,8.56000042,0,0.519999981,5.850999832,96.69999695,2.106899977,5,384,20.89999962,394.0499878,16.46999931,409.5
106,106,0.171200007,0.0,8.56000042,0,0.519999981,5.835999966,91.90000153,2.210999966,5,384,20.89999962,395.6700134,18.65999985,409.5
107,107,0.131170005,0.0,8.56000042,0,0.519999981,6.126999855,85.19999695,2.122400045,5,384,20.89999962,387.6900024,14.09000015,428.399992
108,108,0.12802000300000002,0.0,8.56000042,0,0.519999981,6.473999977,97.09999847,2.432899952,5,384,20.89999962,395.2399902,12.27000046,415.799984
109,109,0.263630003,0.0,8.56000042,0,0.519999981,6.229000092000001,91.19999695,2.545099974,5,384,20.89999962,391.230011,15.55000019,407.399992
110,110,0.107929997,0.0,8.56000042,0,0.519999981,6.195000172,54.40000153,2.7778000830000003,5,384,20.89999962,393.4899902,13.0,455.700016
111,111,0.100840002,0.0,10.01000023,0,0.546999991,6.715000152999999,81.59999847,2.67750001,6,432,17.79999924,395.5899963,10.15999985,478.799984
112,112,0.123290002,0.0,10.01000023,0,0.546999991,5.913000107,92.90000153,2.353399992,6,432,17.79999924,394.9500122,16.20999908,394.799984
113,113,0.222120002,0.0,10.01000023,0,0.546999991,6.092000007999999,95.40000153,2.548000097,6,432,17.79999924,396.8999939,17.09000015,392.700016
114,114,0.142309994,0.0,10.01000023,0,0.546999991,6.254000187000001,84.19999695,2.256500006,6,432,17.79999924,388.7399902,10.44999981,388.5
115,115,0.171340004,0.0,10.01000023,0,0.546999991,5.927999973,88.19999695,2.463099957,6,432,17.79999924,344.9100037,15.76000023,384.299984
116,116,0.131579995,0.0,10.01000023,0,0.546999991,6.176000117999999,72.5,2.7300999160000003,6,432,17.79999924,393.2999878,12.03999996,445.200016
117,117,0.150979996,0.0,10.01000023,0,0.546999991,6.020999907999999,82.59999847,2.747400045,6,432,17.79999924,394.5100098,10.30000019,403.200016
118,118,0.130579993,0.0,10.01000023,0,0.546999991,5.872000217,73.09999847,2.477499962,6,432,17.79999924,338.6300049,15.36999989,428.399992
119,119,0.144759998,0.0,10.01000023,0,0.546999991,5.730999947000001,65.19999695,2.7592000960000003,6,432,17.79999924,391.5,13.60999966,405.299984
120,120,0.06899,0.0,25.64999962,0,0.58099997,5.869999886,69.69999695,2.257699966,2,188,19.10000038,389.1499939,14.36999989,462.0
121,121,0.07164999799999999,0.0,25.64999962,0,0.58099997,6.004000187000001,84.09999847,2.197400093,2,188,19.10000038,377.6700134,14.27000046,426.299984
122,122,0.092990004,0.0,25.64999962,0,0.58099997,5.960999966,92.90000153,2.086899996,2,188,19.10000038,378.0899963,17.93000031,430.5
123,123,0.15038,0.0,25.64999962,0,0.58099997,5.855999947000001,97.0,1.944399953,2,188,19.10000038,370.3099976,25.40999985,363.299984
124,124,0.09849,0.0,25.64999962,0,0.58099997,5.879000187000001,95.80000305,2.006299973,2,188,19.10000038,379.3800049,17.57999992,394.799984
125,125,0.169019997,0.0,25.64999962,0,0.58099997,5.986000061,88.40000153,1.992900014,2,188,19.10000038,385.019989,14.81000042,449.399992
126,126,0.387349993,0.0,25.64999962,0,0.58099997,5.6129999160000015,95.59999847,1.757200003,2,188,19.10000038,359.2900085,27.26000023,329.699996
127,127,0.259149998,0.0,21.88999939,0,0.624000013,5.69299984,96.0,1.788300037,4,437,21.20000076,392.1099854,17.19000053,340.200016
128,128,0.325430006,0.0,21.88999939,0,0.624000013,6.431000233,98.80000305,1.8125,4,437,21.20000076,396.8999939,15.39000034,378.0
129,129,0.8812500240000001,0.0,21.88999939,0,0.624000013,5.6370000839999985,94.69999695,1.979900002,4,437,21.20000076,396.8999939,18.34000015,300.300004
130,130,0.34005999600000003,0.0,21.88999939,0,0.624000013,6.458000182999999,98.90000153,2.118499994,4,437,21.20000076,395.0400085,12.60000038,403.200016
131,131,1.192939997,0.0,21.88999939,0,0.624000013,6.326000214,97.69999695,2.2709999080000003,4,437,21.20000076,396.8999939,12.26000023,411.600008
132,132,0.590049982,0.0,21.88999939,0,0.624000013,6.372000217,97.90000153,2.327399969,4,437,21.20000076,385.7600098,11.11999989,483.0
133,133,0.329820007,0.0,21.88999939,0,0.624000013,5.8220000270000005,95.40000153,2.469899893,4,437,21.20000076,388.6900024,15.02999973,386.399992
134,134,0.976170003,0.0,21.88999939,0,0.624000013,5.756999969,98.40000153,2.345999956,4,437,21.20000076,262.76000980000003,17.30999947,327.600008
135,135,0.5577800270000001,0.0,21.88999939,0,0.624000013,6.335000038,98.19999695,2.110699892,4,437,21.20000076,394.6700134,16.95999908,380.100008
136,136,0.322640002,0.0,21.88999939,0,0.624000013,5.941999912000001,93.5,1.966899991,4,437,21.20000076,378.25,16.89999962,365.399992
137,137,0.352329999,0.0,21.88999939,0,0.624000013,6.453999996,98.40000153,1.849799991,4,437,21.20000076,394.0799866,14.59000015,359.100008
138,138,0.249799997,0.0,21.88999939,0,0.624000013,5.856999874,98.19999695,1.668599963,4,437,21.20000076,392.0400085,21.31999969,279.300004
139,139,0.54452002,0.0,21.88999939,0,0.624000013,6.151000023,97.90000153,1.66869998,4,437,21.20000076,396.8999939,18.45999908,373.799984
140,140,0.290899992,0.0,21.88999939,0,0.624000013,6.173999786,93.59999847,1.6118999719999998,4,437,21.20000076,388.0799866,24.15999985,294.0
141,141,1.6286400559999998,0.0,21.88999939,0,0.624000013,5.019000053,100.0,1.439399958,4,437,21.20000076,396.8999939,34.40999985,302.399992
142,142,3.321049929,0.0,19.57999992,0,0.870999992,5.402999877999999,100.0,1.32159996,5,403,14.69999981,396.8999939,26.81999969,281.399992
143,143,4.097400188,0.0,19.57999992,0,0.870999992,5.467999935,100.0,1.411800027,5,403,14.69999981,396.8999939,26.42000008,327.600008
144,144,2.779740095,0.0,19.57999992,0,0.870999992,4.902999878,97.80000305,1.345900059,5,403,14.69999981,396.8999939,29.29000092,247.800004
145,145,2.379339933,0.0,19.57999992,0,0.870999992,6.130000114,100.0,1.4191000459999998,5,403,14.69999981,172.91000369999998,27.79999924,289.800004
146,146,2.1550500390000003,0.0,19.57999992,0,0.870999992,5.627999783,100.0,1.516600013,5,403,14.69999981,169.2700043,16.64999962,327.600008
147,147,2.368619919,0.0,19.57999992,0,0.870999992,4.926000118,95.69999695,1.460800052,5,403,14.69999981,391.7099915,29.53000069,306.600008
148,148,2.330990076,0.0,19.57999992,0,0.870999992,5.18599987,93.80000305,1.529600024,5,403,14.69999981,356.9899902,28.31999969,373.799984
149,149,2.733969927,0.0,19.57999992,0,0.870999992,5.597000122000001,94.90000153,1.525699973,5,403,14.69999981,351.8500061000001,21.45000076,323.399992
150,150,1.656599998,0.0,19.57999992,0,0.870999992,6.122000217,97.30000305,1.618000031,5,403,14.69999981,372.7999878,14.10000038,451.5
151,151,1.496320009,0.0,19.57999992,0,0.870999992,5.403999805,100.0,1.591599941,5,403,14.69999981,341.6000061000001,13.27999973,411.600008
152,152,1.12658,0.0,19.57999992,0,0.870999992,5.012000083999999,88.0,1.610200047,5,403,14.69999981,343.2799988,12.11999989,321.300004
153,153,2.149179935,0.0,19.57999992,0,0.870999992,5.709000111,98.5,1.623200059,5,403,14.69999981,261.9500122,15.78999996,407.399992
154,154,1.41384995,0.0,19.57999992,0,0.870999992,6.129000187000001,96.0,1.74940002,5,403,14.69999981,321.019989,15.11999989,357.0
155,155,3.535010099,0.0,19.57999992,0,0.870999992,6.15199995,82.59999847,1.7454999690000002,5,403,14.69999981,88.01000214,15.02000046,327.600008
156,156,2.446680069,0.0,19.57999992,0,0.870999992,5.271999836,94.0,1.7364000080000002,5,403,14.69999981,88.62999725,16.13999939,275.100008
157,157,1.223580003,0.0,19.57999992,0,0.605000019,6.94299984,97.40000153,1.877300024,5,403,14.69999981,363.4299927,4.590000153,867.299984
158,158,1.342839956,0.0,19.57999992,0,0.605000019,6.065999985,100.0,1.757300019,5,403,14.69999981,353.8900146000001,6.429999828,510.299984
159,159,1.425019979,0.0,19.57999992,0,0.870999992,6.510000229,100.0,1.765900016,5,403,14.69999981,364.3099976,7.389999866,489.299984
160,160,1.273460031,0.0,19.57999992,0,0.605000019,6.25,92.59999847,1.798400044,5,403,14.69999981,338.9200134,5.5,567.0
161,161,1.4633599519999998,0.0,19.57999992,0,0.605000019,7.4889998439999985,90.80000305,1.970900059,5,403,14.69999981,374.4299927,1.730000019,1050.0
162,162,1.833770037,0.0,19.57999992,0,0.605000019,7.802000046,98.19999695,2.040699959,5,403,14.69999981,389.6099854,1.919999957,1050.0
163,163,1.519019961,0.0,19.57999992,0,0.605000019,8.375,93.90000153,2.161999941,5,403,14.69999981,388.4500122,3.319999933,1050.0
164,164,2.242360115,0.0,19.57999992,0,0.605000019,5.854000092000001,91.80000305,2.421999931,5,403,14.69999981,395.1099854,11.64000034,476.700016
165,165,2.924000025,0.0,19.57999992,0,0.605000019,6.100999832,93.0,2.283400059,5,403,14.69999981,240.1600037,9.81000042,525.0
166,166,2.01019001,0.0,19.57999992,0,0.605000019,7.928999901,96.19999695,2.045900106,5,403,14.69999981,369.2999878,3.700000048,1050.0
167,167,1.800279975,0.0,19.57999992,0,0.605000019,5.876999855,79.19999695,2.425899982,5,403,14.69999981,227.6100006,12.14000034,499.799984
168,168,2.300400019,0.0,19.57999992,0,0.605000019,6.318999767,96.09999847,2.099999905,5,403,14.69999981,297.0899963,11.10000038,499.799984
169,169,2.449529886,0.0,19.57999992,0,0.605000019,6.40199995,95.19999695,2.262500048,5,403,14.69999981,330.0400085,11.31999969,468.299984
170,170,1.207419991,0.0,19.57999992,0,0.605000019,5.875,94.59999847,2.425899982,5,403,14.69999981,292.2900085,14.43000031,365.399992
171,171,2.313899994,0.0,19.57999992,0,0.605000019,5.880000114,97.30000305,2.3887000080000003,5,403,14.69999981,348.1300049,12.02999973,401.100008
172,172,0.139139995,0.0,4.0500001910000005,0,0.50999999,5.5720000270000005,88.5,2.596100092,5,296,16.60000038,396.8999939,14.68999958,485.100008
173,173,0.091779999,0.0,4.0500001910000005,0,0.50999999,6.415999889,84.09999847,2.646300077,5,296,16.60000038,395.5,9.039999962000001,495.600008
174,174,0.08446999599999999,0.0,4.0500001910000005,0,0.50999999,5.859000206,68.69999695,2.701900005,5,296,16.60000038,393.230011,9.640000342999999,474.600008
175,175,0.066639997,0.0,4.0500001910000005,0,0.50999999,6.546000004,33.09999847,3.1322999,5,296,16.60000038,390.9599915,5.329999924,617.399992
176,176,0.07022000099999999,0.0,4.0500001910000005,0,0.50999999,6.0199999810000016,47.20000076,3.5548999310000005,5,296,16.60000038,393.230011,10.10999966,487.200016
177,177,0.054249998,0.0,4.0500001910000005,0,0.50999999,6.315000057000001,73.40000153,3.317500114,5,296,16.60000038,395.6000061,6.289999962,516.600008
178,178,0.066419996,0.0,4.0500001910000005,0,0.50999999,6.860000134,74.40000153,2.915299892,5,296,16.60000038,391.269989,6.920000076,627.899992
179,179,0.05779999900000001,0.0,2.460000038,0,0.488000005,6.9800000189999984,58.40000153,2.8289999960000003,3,193,17.79999924,396.8999939,5.039999962,781.200016
180,180,0.065880001,0.0,2.460000038,0,0.488000005,7.764999866,83.30000305,2.740999937,3,193,17.79999924,395.5599976,7.559999942999999,835.799984
181,181,0.068879999,0.0,2.460000038,0,0.488000005,6.144000052999999,62.20000076,2.597899914,3,193,17.79999924,396.8999939,9.449999809,760.200016
182,182,0.091030002,0.0,2.460000038,0,0.488000005,7.15500021,92.19999695,2.700599909,3,193,17.79999924,394.1199951,4.820000172,795.9000321000002
183,183,0.100079998,0.0,2.460000038,0,0.488000005,6.563000202,95.59999847,2.846999884,3,193,17.79999924,396.8999939,5.679999828,682.5
184,184,0.083080001,0.0,2.460000038,0,0.488000005,5.604000092000001,89.80000305,2.987900019,3,193,17.79999924,391.0,13.97999954,554.399992
185,185,0.06047,0.0,2.460000038,0,0.488000005,6.152999877999999,68.80000305,3.2797000410000003,3,193,17.79999924,387.1099854,13.14999962,621.600008
186,186,0.056019999,0.0,2.460000038,0,0.488000005,7.830999851,53.59999847,3.199199915,3,193,17.79999924,392.6300049,4.449999809,1050.0
187,187,0.078749999,45.0,3.440000057,0,0.437000006,6.782000065,41.09999847,3.788599968,5,398,15.19999981,393.8699951,6.679999828,672.0
188,188,0.12579,45.0,3.440000057,0,0.437000006,6.556000233,29.10000038,4.566699982,5,398,15.19999981,382.8399963,4.559999943,625.799984
189,189,0.083700001,45.0,3.440000057,0,0.437000006,7.184999942999999,38.90000153,4.566699982,5,398,15.19999981,396.8999939,5.389999866,732.9000321000002
190,190,0.090680003,45.0,3.440000057,0,0.437000006,6.951000214,21.5,6.479800224,5,398,15.19999981,377.6799927,5.099999905,777.0
191,191,0.069109999,45.0,3.440000057,0,0.437000006,6.7389998439999985,30.79999924,6.479800224,5,398,15.19999981,389.7099915,4.690000057,640.5
192,192,0.08664,45.0,3.440000057,0,0.437000006,7.177999973,26.29999924,6.479800224,5,398,15.19999981,390.4899902,2.8699998860000004,764.4000321000002
193,193,0.02187,60.0,2.930000067,0,0.400999993,6.8000001910000005,9.899999618999999,6.219600201,1,265,15.60000038,393.3699951,5.03000021,653.100008
194,194,0.01439,60.0,2.930000067,0,0.400999993,6.604000092000001,18.79999924,6.219600201,1,265,15.60000038,376.7000122,4.380000114,611.100008
195,195,0.01381,80.0,0.460000008,0,0.421999991,7.875,32.0,5.64839983,4,255,14.39999962,394.230011,2.970000029,1050.0
196,196,0.040109999,80.0,1.519999981,0,0.404000014,7.287000179,34.09999847,7.309000015,2,329,12.60000038,396.8999939,4.079999924,699.299984
197,197,0.046659999,80.0,1.519999981,0,0.404000014,7.106999874,36.59999847,7.309000015,2,329,12.60000038,354.3099976000001,8.609999657000001,636.299984
198,198,0.03768,80.0,1.519999981,0,0.404000014,7.274000168,38.29999924,7.309000015,2,329,12.60000038,392.2000122,6.619999886,726.5999678999998
199,199,0.031500001,95.0,1.4700000290000002,0,0.4029999970000001,6.974999905,15.30000019,7.6533999439999985,3,402,17.0,396.8999939,4.559999943,732.9000321000002
200,200,0.01778,95.0,1.4700000290000002,0,0.4029999970000001,7.135000229,13.89999962,7.6533999439999985,3,402,17.0,384.2999878,4.449999809,690.9000321000002
201,201,0.034449998,82.5,2.029999971,0,0.414999992,6.162000179,38.40000153,6.2699999810000016,2,348,14.69999981,393.769989,7.429999828,506.100008
202,202,0.02177,82.5,2.029999971,0,0.414999992,7.610000134,15.69999981,6.2699999810000016,2,348,14.69999981,395.3800049,3.109999895,888.299984
203,203,0.035100002000000005,95.0,2.680000067,0,0.416099995,7.853000164,33.20000076,5.118000031,4,224,14.69999981,392.7799988,3.809999943,1018.5
204,204,0.020090001,95.0,2.680000067,0,0.416099995,8.034000397,31.89999962,5.118000031,4,224,14.69999981,390.5499878,2.880000114,1050.0
205,205,0.136419997,0.0,10.59000015,0,0.488999993,5.890999794,22.29999924,3.9454,4,277,18.60000038,396.8999939,10.86999989,474.600008
206,206,0.22969,0.0,10.59000015,0,0.488999993,6.326000214,52.5,4.354899883,4,277,18.60000038,394.8699951,10.97000027,512.399992
207,207,0.25198999,0.0,10.59000015,0,0.488999993,5.782999992000001,72.69999695,4.354899883,4,277,18.60000038,389.4299927,18.05999947,472.5
208,208,0.135869995,0.0,10.59000015,0,0.488999993,6.06400013,59.09999847,4.239200115,4,277,18.60000038,381.3200073,14.65999985,512.399992
209,209,0.435710013,0.0,10.59000015,0,0.488999993,5.3439998630000005,100.0,3.875,4,277,18.60000038,396.8999939,23.09000015,420.0
210,210,0.17445999399999998,0.0,10.59000015,0,0.488999993,5.960000038,92.09999847,3.877099991,4,277,18.60000038,393.25,17.27000046,455.700016
211,211,0.375779986,0.0,10.59000015,0,0.488999993,5.403999805,88.59999847,3.664999962,4,277,18.60000038,395.2399902,23.97999954,405.299984
212,212,0.217189997,0.0,10.59000015,0,0.488999993,5.80700016,53.79999924,3.65260005,4,277,18.60000038,390.9400024,16.03000069,470.399992
213,213,0.140520006,0.0,10.59000015,0,0.488999993,6.375,32.29999924,3.9454,4,277,18.60000038,385.8099976,9.380000114,590.100008
214,214,0.289550006,0.0,10.59000015,0,0.488999993,5.412000179,9.800000191,3.587500095,4,277,18.60000038,348.9299927,29.54999924,497.700016
215,215,0.198019996,0.0,10.59000015,0,0.488999993,6.18200016,42.40000153,3.9454,4,277,18.60000038,393.6300049,9.470000267,525.0
216,216,0.045600001,0.0,13.89000034,0,0.550000012,5.888000011,56.0,3.112099886,5,276,16.39999962,392.7999878,13.51000023,489.299984
217,217,0.070129998,0.0,13.89000034,0,0.550000012,6.642000198,85.09999847,3.4210999010000003,5,276,16.39999962,392.7799988,9.68999958,602.700016
218,218,0.110689998,0.0,13.89000034,0,0.550000012,5.951000214,93.80000305,2.889300108,5,276,16.39999962,396.8999939,17.92000008,451.5
219,219,0.114249997,0.0,13.89000034,0,0.550000012,6.373000145,92.40000153,3.363300085,5,276,16.39999962,393.7399902,10.5,483.0
220,220,0.358090013,0.0,6.199999809,0,0.507000029,6.951000214,88.5,2.8617000580000003,8,307,17.39999962,391.7000122,9.710000037999999,560.700016
221,221,0.407709986,0.0,6.199999809,0,0.507000029,6.164000034,91.30000305,3.048000097,8,307,17.39999962,395.2399902,21.45999908,455.700016
222,222,0.623560011,0.0,6.199999809,0,0.507000029,6.879000187000001,77.69999695,3.272099972,8,307,17.39999962,390.3900146,9.930000305,577.5
223,223,0.6147000189999999,0.0,6.199999809,0,0.507000029,6.618000031,80.80000305,3.272099972,8,307,17.39999962,396.8999939,7.599999905,632.100008
224,224,0.315329999,0.0,6.199999809,0,0.504000008,8.265999793999999,78.30000305,2.8943998810000005,8,307,17.39999962,385.0499878,4.139999866,940.799984
225,225,0.526929975,0.0,6.199999809,0,0.504000008,8.725000381000001,83.0,2.8943998810000005,8,307,17.39999962,382.0,4.630000114,1050.0
226,226,0.382140011,0.0,6.199999809,0,0.504000008,8.039999962000001,86.5,3.215699911,8,307,17.39999962,387.3800049,3.130000114,789.5999678999998
227,227,0.41238001,0.0,6.199999809,0,0.504000008,7.163000107,79.90000153,3.215699911,8,307,17.39999962,372.0799866,6.360000134,663.600008
228,228,0.298189998,0.0,6.199999809,0,0.504000008,7.68599987,17.0,3.375099897,8,307,17.39999962,377.5100098,3.920000076,980.700016
229,229,0.441780001,0.0,6.199999809,0,0.504000008,6.552000046,21.39999962,3.375099897,8,307,17.39999962,380.3399963,3.75999999,661.5
230,230,5.37,0.0,6.199999809,0,0.504000008,5.980999947000001,68.09999847,3.671499968,8,307,17.39999962,378.3500061,11.64999962,510.299984
231,231,0.462960005,0.0,6.199999809,0,0.504000008,7.412000179,76.90000153,3.671499968,8,307,17.39999962,376.1400146,5.25,665.700016
232,232,0.575290024,0.0,6.199999809,0,0.507000029,8.336999893,73.30000305,3.838399887,8,307,17.39999962,385.9100037,2.470000029,875.700016
233,233,0.331470013,0.0,6.199999809,0,0.507000029,8.246999741,70.40000153,3.651900053,8,307,17.39999962,378.9500122,3.950000048,1014.299984
234,234,0.447910011,0.0,6.199999809,0,0.507000029,6.725999832,66.5,3.651900053,8,307,17.39999962,360.2000122,8.050000191,609.0
235,235,0.330449998,0.0,6.199999809,0,0.507000029,6.085999966,61.5,3.651900053,8,307,17.39999962,376.75,10.88000011,504.0
236,236,0.520579994,0.0,6.199999809,0,0.507000029,6.631000042,76.5,4.1479997630000005,8,307,17.39999962,388.4500122,9.539999962000001,527.100008
237,237,0.511829972,0.0,6.199999809,0,0.507000029,7.357999802,71.59999847,4.1479997630000005,8,307,17.39999962,390.0700073,4.730000018999999,661.5
238,238,0.082439996,30.0,4.929999828,0,0.428000003,6.480999947000001,18.5,6.189899921,6,300,16.60000038,379.4100037,6.360000134,497.700016
239,239,0.092519999,30.0,4.929999828,0,0.428000003,6.605999947000001,42.20000076,6.189899921,6,300,16.60000038,383.7799988,7.369999886,489.299984
240,240,0.113289997,30.0,4.929999828,0,0.428000003,6.896999836,54.29999924,6.336100101,6,300,16.60000038,391.25,11.38000011,462.0
241,241,0.106119998,30.0,4.929999828,0,0.428000003,6.09499979,65.09999847,6.336100101,6,300,16.60000038,394.6199951,12.39999962,422.100008
242,242,0.102899998,30.0,4.929999828,0,0.428000003,6.357999802,52.90000153,7.03550005,6,300,16.60000038,372.75,11.22000027,466.200016
243,243,0.12757000300000002,30.0,4.929999828,0,0.428000003,6.393000126,7.800000191,7.03550005,6,300,16.60000038,374.7099915,5.190000057,497.700016
244,244,0.206080005,22.0,5.860000134,0,0.430999994,5.592999935,76.5,7.954899788,7,330,19.10000038,372.4899902,12.5,369.600008
245,245,0.19133000100000006,22.0,5.860000134,0,0.430999994,5.6050000189999984,70.19999695,7.954899788,7,330,19.10000038,389.1300049,18.45999908,388.5
246,246,0.339830011,22.0,5.860000134,0,0.430999994,6.107999802,34.90000153,8.055500031000001,7,330,19.10000038,390.1799927,9.159999847,510.299984
247,247,0.196569994,22.0,5.860000134,0,0.430999994,6.225999832,79.19999695,8.055500031000001,7,330,19.10000038,376.1400146,10.14999962,430.5
248,248,0.164389998,22.0,5.860000134,0,0.430999994,6.433000087999999,49.09999847,7.826499939,7,330,19.10000038,374.7099915,9.520000458,514.5
249,249,0.190730006,22.0,5.860000134,0,0.430999994,6.717999935,17.5,7.826499939,7,330,19.10000038,393.7399902,6.559999942999999,550.200016
250,250,0.140300006,22.0,5.860000134,0,0.430999994,6.486999989,13.0,7.396699905,7,330,19.10000038,396.2799988,5.900000095,512.399992
251,251,0.214090005,22.0,5.860000134,0,0.430999994,6.438000202,8.899999618999999,7.396699905,7,330,19.10000038,377.0700073,3.589999914,520.799984
252,252,0.082209997,22.0,5.860000134,0,0.430999994,6.956999778999998,6.8000001910000005,8.906700134,7,330,19.10000038,386.0899963,3.529999971,621.600008
253,253,0.368939996,22.0,5.860000134,0,0.430999994,8.258999825,8.399999618999999,8.906700134,7,330,19.10000038,396.8999939,3.539999962,898.799984
254,254,0.048190001,80.0,3.640000105,0,0.39199999,6.107999802,32.0,9.220299721,1,315,16.39999962,392.8900146,6.570000172,459.899992
255,255,0.035480000000000005,80.0,3.640000105,0,0.39199999,5.875999928,19.10000038,9.220299721,1,315,16.39999962,395.1799927,9.25,438.899992
256,256,0.01538,90.0,3.75,0,0.393999994,7.453999996,34.20000076,6.336100101,3,244,15.89999962,386.3399963,3.109999895,924.0
257,257,0.61154002,20.0,3.970000029,0,0.647000015,8.704000472999999,86.90000153,1.800999999,5,264,13.0,389.7000122,5.119999886,1050.0
258,258,0.663510025,20.0,3.970000029,0,0.647000015,7.333000182999999,100.0,1.894600034,5,264,13.0,383.2900085,7.789999962,756.0
259,259,0.656650007,20.0,3.970000029,0,0.647000015,6.842000007999999,100.0,2.010699987,5,264,13.0,391.9299927,6.900000095,632.100008
260,260,0.540109992,20.0,3.970000029,0,0.647000015,7.203000069,81.80000305,2.112099886,5,264,13.0,392.7999878,9.590000153,709.799984
261,261,0.5341200229999999,20.0,3.970000029,0,0.647000015,7.5199999810000016,89.40000153,2.139800072,5,264,13.0,388.3699951,7.260000229,905.0999679
262,262,0.520139992,20.0,3.970000029,0,0.647000015,8.397999763,91.5,2.288500071,5,264,13.0,386.8599854,5.909999847000001,1024.799984
263,263,0.8252599840000001,20.0,3.970000029,0,0.647000015,7.327000141,94.5,2.0787999630000003,5,264,13.0,393.4200134,11.25,651.0
264,264,0.550069988,20.0,3.970000029,0,0.647000015,7.205999851,91.59999847,1.930099964,5,264,13.0,387.8900146,8.100000381000001,766.5
265,265,0.761619985,20.0,3.970000029,0,0.647000015,5.559999942999999,62.79999924,1.986500025,5,264,13.0,392.3999939,10.44999981,478.799984
266,266,0.785700023,20.0,3.970000029,0,0.647000015,7.013999939,84.59999847,2.1329,5,264,13.0,384.0700073,14.78999996,644.700016
267,267,0.578339994,20.0,3.970000029,0,0.574999988,8.296999931,67.0,2.4216001030000003,5,264,13.0,384.5400085,7.440000057000001,1050.0
268,268,0.540499985,20.0,3.970000029,0,0.574999988,7.46999979,52.59999847,2.871999979,5,264,13.0,390.2999878,3.160000086,913.5
269,269,0.09065,20.0,6.960000038,0,0.463999987,5.920000076,61.5,3.917500019,3,223,18.60000038,391.3399963,13.64999962,434.700016
270,270,0.299160004,20.0,6.960000038,0,0.463999987,5.855999947000001,42.09999847,4.428999901,3,223,18.60000038,388.6499939,13.0,443.100008
271,271,0.162110001,20.0,6.960000038,0,0.463999987,6.239999771,16.29999924,4.428999901,3,223,18.60000038,396.8999939,6.590000152999999,529.200016
272,272,0.114600003,20.0,6.960000038,0,0.463999987,6.538000107,58.70000076,3.917500019,3,223,18.60000038,394.9599915,7.7300000189999984,512.399992
273,273,0.221880004,20.0,6.960000038,0,0.463999987,7.690999985,51.79999924,4.366499901,3,223,18.60000038,390.769989,6.579999924,739.200016
274,274,0.05643999900000001,40.0,6.409999847000001,0,0.446999997,6.757999897,32.90000153,4.077600002,4,254,17.60000038,396.8999939,3.529999971,680.4000321000002
275,275,0.096040003,40.0,6.409999847000001,0,0.446999997,6.854000092000001,42.79999924,4.267300129,4,254,17.60000038,396.8999939,2.980000019,672.0
276,276,0.10469,40.0,6.409999847000001,0,0.446999997,7.267000198,49.0,4.787199974,4,254,17.60000038,389.25,6.0500001910000005,697.200016
277,277,0.06126999900000001,40.0,6.409999847000001,0,0.446999997,6.826000214,27.60000038,4.862800121,4,254,17.60000038,393.4500122,4.159999847,695.0999678999998
278,278,0.079779997,40.0,6.409999847000001,0,0.446999997,6.481999874,32.09999847,4.140299797,4,254,17.60000038,396.8999939,7.190000057000001,611.100008
279,279,0.210380003,20.0,3.329999924,0,0.442900002,6.811999798,32.20000076,4.100699902,5,216,14.89999962,396.8999939,4.849999905,737.0999678999998
280,280,0.035780001,20.0,3.329999924,0,0.442900002,7.820000172,64.5,4.694699764,5,216,14.89999962,387.3099976,3.75999999,953.4000321
281,281,0.037050001,20.0,3.329999924,0,0.442900002,6.967999935,37.20000076,5.244699955,5,216,14.89999962,392.230011,4.590000153,743.4000321000002
282,282,0.06129,20.0,3.329999924,0,0.442900002,7.6449999810000016,49.70000076,5.211900234,5,216,14.89999962,377.0700073,3.00999999,966.0
283,283,0.01501,90.0,1.210000038,0,0.400999993,7.922999859,24.79999924,5.885000229,1,198,13.60000038,395.519989,3.160000086,1050.0
284,284,0.00906,90.0,2.970000029,0,0.400000006,7.087999821,20.79999924,7.307300091,1,285,15.30000019,394.7200012,7.849999905,676.200016
285,285,0.01096,55.0,2.25,0,0.388999999,6.453000069,31.89999962,7.307300091,1,300,15.30000019,394.7200012,8.229999542,462.0
286,286,0.019649999,80.0,1.75999999,0,0.38499999,6.2300000189999984,31.5,9.08920002,1,241,18.20000076,341.6000061000001,12.93000031,422.100008
287,287,0.038710002,52.5,5.320000172,0,0.405000001,6.209000111,31.29999924,7.317200184,6,293,16.60000038,396.8999939,7.139999866,487.200016
288,288,0.045899998,52.5,5.320000172,0,0.405000001,6.315000057000001,45.59999847,7.317200184,6,293,16.60000038,396.8999939,7.599999905,468.299984
289,289,0.042970002,52.5,5.320000172,0,0.405000001,6.565000057000001,22.89999962,7.317200184,6,293,16.60000038,371.7200012,9.510000229,520.799984
290,290,0.035020001,80.0,4.949999809,0,0.411000013,6.861000061,27.89999962,5.116700172,4,245,19.20000076,396.8999939,3.329999924,598.5
291,291,0.07886,80.0,4.949999809,0,0.411000013,7.147999763,27.70000076,5.116700172,4,245,19.20000076,396.8999939,3.559999943,783.299984
292,292,0.036150001,80.0,4.949999809,0,0.411000013,6.630000114,23.39999962,5.116700172,4,245,19.20000076,396.8999939,4.699999809,585.899992
293,293,0.082649998,0.0,13.92000008,0,0.437000006,6.126999855,18.39999962,5.502699852,4,289,16.0,396.8999939,8.579999924,501.899992
294,294,0.081990004,0.0,13.92000008,0,0.437000006,6.008999825,42.29999924,5.502699852,4,289,16.0,396.8999939,10.39999962,455.700016
295,295,0.129319996,0.0,13.92000008,0,0.437000006,6.677999973,31.10000038,5.960400105,4,289,16.0,396.8999939,6.2699999810000016,600.600008
296,296,0.053720001,0.0,13.92000008,0,0.437000006,6.548999786,51.0,5.960400105,4,289,16.0,392.8500061,7.389999866,569.100008
297,297,0.14102999900000002,0.0,13.92000008,0,0.437000006,5.789999962,58.0,6.320000172,4,289,16.0,396.8999939,15.84000015,426.299984
298,298,0.064659998,70.0,2.24000001,0,0.400000006,6.34499979,20.10000038,7.827799797000001,5,358,14.80000019,368.2399902,4.96999979,472.5
299,299,0.055610001,70.0,2.24000001,0,0.400000006,7.040999889,10.0,7.827799797000001,5,358,14.80000019,371.5799866,4.739999771,609.0
300,300,0.04417,70.0,2.24000001,0,0.400000006,6.870999812999999,47.40000153,7.827799797000001,5,358,14.80000019,390.8599854,6.070000172,520.799984
301,301,0.03537,34.0,6.090000152999999,0,0.432999998,6.590000152999999,40.40000153,5.491700172000001,7,329,16.10000038,395.75,9.5,462.0
302,302,0.092660002,34.0,6.090000152999999,0,0.432999998,6.494999886,18.39999962,5.491700172000001,7,329,16.10000038,383.6099854,8.670000076,554.399992
303,303,0.100000001,34.0,6.090000152999999,0,0.432999998,6.981999874,17.70000076,5.491700172000001,7,329,16.10000038,390.4299927,4.860000134,695.0999678999998
304,304,0.055149999000000005,33.0,2.180000067,0,0.472000003,7.236000061,41.09999847,4.021999836,7,222,18.39999962,393.6799927,6.929999828,758.0999678999998
305,305,0.054790001,33.0,2.180000067,0,0.472000003,6.616000175,58.09999847,3.3699998860000004,7,222,18.39999962,393.3599854,8.930000305,596.399992
306,306,0.075029999,33.0,2.180000067,0,0.472000003,7.420000076,71.90000153,3.09920001,7,222,18.39999962,396.8999939,6.46999979,701.4000321000002
307,307,0.049320001,33.0,2.180000067,0,0.472000003,6.848999977,70.30000305,3.182699919,7,222,18.39999962,396.8999939,7.53000021,592.200016
308,308,0.492980003,0.0,9.899999618999999,0,0.54400003,6.635000229,82.5,3.317500114,4,304,18.39999962,396.8999939,4.539999962,478.799984
309,309,0.349400014,0.0,9.899999618999999,0,0.54400003,5.972000122000001,76.69999695,3.102499962,4,304,18.39999962,396.2399902,9.970000267,426.299984
310,310,2.635479927,0.0,9.899999618999999,0,0.54400003,4.97300005,37.79999924,2.519399881,4,304,18.39999962,350.4500122,12.64000034,338.100008
311,311,0.790409982,0.0,9.899999618999999,0,0.54400003,6.122000217,52.79999924,2.640300035,4,304,18.39999962,396.8999939,5.9800000189999984,464.100008
312,312,0.261689991,0.0,9.899999618999999,0,0.54400003,6.022999763,90.40000153,2.8340001110000004,4,304,18.39999962,396.2999878,11.72000027,407.399992
313,313,0.26938000300000003,0.0,9.899999618999999,0,0.54400003,6.265999794,82.80000305,3.2627999780000003,4,304,18.39999962,393.3900146,7.900000095,453.600008
314,314,0.369199991,0.0,9.899999618999999,0,0.54400003,6.566999912000001,87.30000305,3.602299929,4,304,18.39999962,395.6900024,9.279999733,499.799984
315,315,0.253560007,0.0,9.899999618999999,0,0.54400003,5.704999924,77.69999695,3.944999933,4,304,18.39999962,396.4200134,11.5,340.200016
316,316,0.318269998,0.0,9.899999618999999,0,0.54400003,5.914000034,83.19999695,3.998600006,4,304,18.39999962,390.7000122,18.32999992,373.799984
317,317,0.245220006,0.0,9.899999618999999,0,0.54400003,5.782000065,71.69999695,4.0317001339999985,4,304,18.39999962,396.8999939,15.93999958,415.799984
318,318,0.402020007,0.0,9.899999618999999,0,0.54400003,6.381999969,67.19999695,3.532500029,4,304,18.39999962,395.2099915,10.35999966,485.100008
319,319,0.475470006,0.0,9.899999618999999,0,0.54400003,6.1129999160000015,58.79999924,4.001900196,4,304,18.39999962,396.230011,12.72999954,441.0
320,320,0.167600006,0.0,7.380000113999999,0,0.493000001,6.426000117999999,52.29999924,4.5404000280000005,5,287,19.60000038,396.8999939,7.199999809,499.799984
321,321,0.18159000600000005,0.0,7.380000113999999,0,0.493000001,6.375999928,54.29999924,4.5404000280000005,5,287,19.60000038,396.8999939,6.869999886,485.100008
322,322,0.351139992,0.0,7.380000113999999,0,0.493000001,6.040999889,49.90000153,4.721099853999999,5,287,19.60000038,396.8999939,7.699999808999999,428.399992
323,323,0.28391999,0.0,7.380000113999999,0,0.493000001,5.708000182999999,74.30000305,4.721099853999999,5,287,19.60000038,391.1300049,11.73999977,388.5
324,324,0.341089994,0.0,7.380000113999999,0,0.493000001,6.414999962,40.09999847,4.721099853999999,5,287,19.60000038,396.8999939,6.119999886,525.0
325,325,0.191860005,0.0,7.380000113999999,0,0.493000001,6.431000233,14.69999981,5.41590023,5,287,19.60000038,393.6799927,5.079999924,516.600008
326,326,0.303469986,0.0,7.380000113999999,0,0.493000001,6.311999798,28.89999962,5.41590023,5,287,19.60000038,396.8999939,6.150000095,483.0
327,327,0.241029993,0.0,7.380000113999999,0,0.493000001,6.083000182999999,43.70000076,5.41590023,5,287,19.60000038,396.8999939,12.78999996,466.200016
328,328,0.06617,0.0,3.24000001,0,0.460000008,5.868000031,25.79999924,5.214600086,4,430,16.89999962,382.4400024,9.970000267,405.299984
329,329,0.06724,0.0,3.24000001,0,0.460000008,6.333000182999999,17.20000076,5.214600086,4,430,16.89999962,375.2099915,7.340000152999999,474.600008
330,330,0.04544,0.0,3.24000001,0,0.460000008,6.144000052999999,32.20000076,5.873600006,4,430,16.89999962,368.5700073,9.090000153,415.799984
331,331,0.05023,35.0,6.059999942999999,0,0.437900007,5.7059998510000005,28.39999962,6.640699862999999,1,304,16.89999962,394.019989,12.43000031,359.100008
332,332,0.03466,35.0,6.059999942999999,0,0.437900007,6.031000137,23.29999924,6.640699862999999,1,304,16.89999962,362.25,7.829999924,407.399992
333,333,0.050829999,0.0,5.190000057,0,0.514999986,6.315999985,38.09999847,6.458399772999999,5,224,20.20000076,389.7099915,5.679999828,466.200016
334,334,0.037379999,0.0,5.190000057,0,0.514999986,6.309999942999999,38.5,6.458399772999999,5,224,20.20000076,389.3999939,6.75,434.700016
335,335,0.039609998,0.0,5.190000057,0,0.514999986,6.037000179,34.5,5.985300064,5,224,20.20000076,396.8999939,8.010000229,443.100008
336,336,0.03427,0.0,5.190000057,0,0.514999986,5.868999958,46.29999924,5.231100082,5,224,20.20000076,396.8999939,9.800000191,409.5
337,337,0.030409999,0.0,5.190000057,0,0.514999986,5.8949999810000016,59.59999847,5.614999771,5,224,20.20000076,394.8099976,10.56000042,388.5
338,338,0.033059999,0.0,5.190000057,0,0.514999986,6.059000015,37.29999924,4.812200069,5,224,20.20000076,396.1400146,8.510000229,432.600008
339,339,0.054970000000000005,0.0,5.190000057,0,0.514999986,5.985000134,45.40000153,4.812200069,5,224,20.20000076,396.8999939,9.739999771,399.0
340,340,0.06151,0.0,5.190000057,0,0.514999986,5.967999935,58.5,4.812200069,5,224,20.20000076,396.8999939,9.289999962000001,392.700016
341,341,0.01301,35.0,1.519999981,0,0.442000002,7.241000175,49.29999924,7.037899971,1,284,15.5,394.7399902,5.489999771,686.700016
342,342,0.024979999,0.0,1.889999986,0,0.518000007,6.539999962,59.70000076,6.266900063,1,422,15.89999962,389.9599915,8.649999618999999,346.5
343,343,0.025429999,55.0,3.779999971,0,0.483999997,6.696000099,56.40000153,5.73210001,5,370,17.60000038,396.8999939,7.179999828,501.899992
344,344,0.03049,55.0,3.779999971,0,0.483999997,6.874000072,28.10000038,6.465400219,5,370,17.60000038,387.9700012,4.610000134,655.200016
345,345,0.031129999,0.0,4.389999866,0,0.442000002,6.013999939,48.5,8.013600348999999,3,352,18.79999924,385.6400146,10.52999973,367.5
346,346,0.061620001,0.0,4.389999866,0,0.442000002,5.897999763,52.29999924,8.013600348999999,3,352,18.79999924,364.6099854,12.67000008,361.200016
347,347,0.0187,85.0,4.150000095,0,0.42899999,6.515999794,27.70000076,8.535300255,4,351,17.89999962,392.4299927,6.360000134,485.100008
348,348,0.01501,80.0,2.00999999,0,0.4350000020000001,6.635000229,29.70000076,8.343999862999999,4,280,17.0,390.9400024,5.989999771,514.5
349,349,0.02899,40.0,1.25,0,0.42899999,6.93900013,34.5,8.792099953,1,335,19.70000076,389.8500061,5.889999866,558.600008
350,350,0.06210999900000001,40.0,1.25,0,0.42899999,6.489999771,44.40000153,8.792099953,1,335,19.70000076,396.8999939,5.9800000189999984,480.899992
351,351,0.079499997,60.0,1.6900000569999998,0,0.411000013,6.578999996,35.90000153,10.71030045,4,411,18.29999924,370.7799988,5.489999771,506.100008
352,352,0.07243999799999999,60.0,1.6900000569999998,0,0.411000013,5.883999825,18.5,10.71030045,4,411,18.29999924,392.3299866,7.789999962,390.600008
353,353,0.01709,90.0,2.019999981,0,0.409999996,6.728000164,36.09999847,12.12650013,5,187,17.0,384.4599915,4.5,632.100008
354,354,0.04301,80.0,1.909999967,0,0.412999988,5.663000107,21.89999962,10.58570004,4,334,22.0,382.7999878,8.050000191,382.200016
355,355,0.106590003,80.0,1.909999967,0,0.412999988,5.93599987,19.5,10.58570004,4,334,22.0,376.0400085,5.570000172,432.600008
356,356,8.982959747,0.0,18.10000038,0,0.7699999809999999,6.211999893,97.40000153,2.122200012,24,666,20.20000076,377.730011,17.60000038,373.799984
357,357,3.849699974,0.0,18.10000038,0,0.7699999809999999,6.3949999810000016,91.0,2.505199909,24,666,20.20000076,391.3399963,13.27000046,455.700016
358,358,5.201769829,0.0,18.10000038,0,0.7699999809999999,6.126999855,83.40000153,2.722700119,24,666,20.20000076,395.4299927,11.47999954,476.700016
359,359,4.261310101,0.0,18.10000038,0,0.7699999809999999,6.111999989,81.30000305,2.50909996,24,666,20.20000076,390.7399902,12.67000008,474.600008
360,360,4.541920185,0.0,18.10000038,0,0.7699999809999999,6.397999763,88.0,2.518199921,24,666,20.20000076,374.5599976,7.789999962,525.0
361,361,3.836839914,0.0,18.10000038,0,0.7699999809999999,6.250999928,91.09999847,2.29550004,24,666,20.20000076,350.6499939,14.18999958,417.899992
362,362,3.678220034,0.0,18.10000038,0,0.7699999809999999,5.361999989,96.19999695,2.103600025,24,666,20.20000076,380.7900085,10.18999958,436.799984
363,363,4.222390175,0.0,18.10000038,0,0.7699999809999999,5.802999973,89.0,1.904700041,24,666,20.20000076,353.0400085,14.64000034,352.799984
364,364,3.474280119,0.0,18.10000038,0,0.717999995,8.779999733,82.90000153,1.904700041,24,666,20.20000076,354.5499878,5.289999962,459.899992
365,365,4.555870056,0.0,18.10000038,0,0.717999995,3.561000109,87.90000153,1.613199949,24,666,20.20000076,354.7000122,7.119999886,577.5
366,366,3.696949959,0.0,18.10000038,0,0.717999995,4.962999821,91.40000153,1.752300024,24,666,20.20000076,316.0299988,14.0,459.899992
367,367,13.52219963,0.0,18.10000038,0,0.6309999820000001,3.862999916,100.0,1.510599971,24,666,20.20000076,131.4199982,13.32999992,485.100008
368,368,4.898220062,0.0,18.10000038,0,0.6309999820000001,4.96999979,100.0,1.332499981,24,666,20.20000076,375.519989,3.25999999,1050.0
369,369,5.6699800489999985,0.0,18.10000038,0,0.6309999820000001,6.683000087999999,96.80000305,1.356699944,24,666,20.20000076,375.3299866,3.730000019,1050.0
370,370,6.538760185,0.0,18.10000038,0,0.6309999820000001,7.015999794,97.5,1.202399969,24,666,20.20000076,392.0499878,2.960000038,1050.0
371,371,9.232299805,0.0,18.10000038,0,0.6309999820000001,6.21600008,100.0,1.1691000459999998,24,666,20.20000076,366.1499939,9.529999733,1050.0
372,372,8.267250061,0.0,18.10000038,0,0.667999983,5.875,89.59999847,1.129600048,24,666,20.20000076,347.8800049,8.880000114,1050.0
373,373,11.10809994,0.0,18.10000038,0,0.667999983,4.906000137,100.0,1.174200058,24,666,20.20000076,396.8999939,34.77000046,289.800004
374,374,18.49819946,0.0,18.10000038,0,0.667999983,4.138000011,100.0,1.136999965,24,666,20.20000076,396.8999939,37.97000122,289.800004
375,375,19.60910034,0.0,18.10000038,0,0.671000004,7.313000202,97.90000153,1.316300035,24,666,20.20000076,396.8999939,13.43999958,315.0
376,376,15.28800011,0.0,18.10000038,0,0.671000004,6.649000168,93.30000305,1.344900012,24,666,20.20000076,363.019989,23.23999977,291.899992
377,377,9.823490142999999,0.0,18.10000038,0,0.671000004,6.794000149,98.80000305,1.35800004,24,666,20.20000076,396.8999939,21.23999977,279.300004
378,378,23.64819908,0.0,18.10000038,0,0.671000004,6.380000114,96.19999695,1.386100054,24,666,20.20000076,396.8999939,23.69000053,275.100008
379,379,17.86669922,0.0,18.10000038,0,0.671000004,6.22300005,100.0,1.386100054,24,666,20.20000076,393.7399902,21.78000069,214.199996
380,380,88.97619629,0.0,18.10000038,0,0.671000004,6.967999935,91.90000153,1.4164999719999998,24,666,20.20000076,396.8999939,17.20999908,218.399992
381,381,15.87440014,0.0,18.10000038,0,0.671000004,6.545000076,99.09999847,1.5191999669999998,24,666,20.20000076,396.8999939,21.07999992,228.899992
382,382,9.187020302,0.0,18.10000038,0,0.699999988,5.535999775,100.0,1.58039999,24,666,20.20000076,396.8999939,23.60000038,237.300004
383,383,7.992479801,0.0,18.10000038,0,0.699999988,5.5199999810000016,100.0,1.533100009,24,666,20.20000076,396.8999939,24.55999947,258.300004
384,384,20.0848999,0.0,18.10000038,0,0.699999988,4.368000031,91.19999695,1.439499974,24,666,20.20000076,285.8299866000001,30.62999916,184.800004
385,385,16.8118,0.0,18.10000038,0,0.699999988,5.27699995,98.09999847,1.426100016,24,666,20.20000076,396.8999939,30.80999947,151.199996
386,386,24.39380074,0.0,18.10000038,0,0.699999988,4.65199995,100.0,1.467200041,24,666,20.20000076,396.8999939,28.28000069,220.5
387,387,22.5970993,0.0,18.10000038,0,0.699999988,5.0,89.5,1.5183999540000002,24,666,20.20000076,396.8999939,31.98999977,155.400002
388,388,14.33370018,0.0,18.10000038,0,0.699999988,4.880000114,100.0,1.58949995,24,666,20.20000076,372.9200134,30.62000084,214.199996
389,389,8.151740074,0.0,18.10000038,0,0.699999988,5.389999866,98.90000153,1.7280999419999998,24,666,20.20000076,396.8999939,20.85000038,241.5
390,390,6.962150097,0.0,18.10000038,0,0.699999988,5.712999821,97.0,1.926499963,24,666,20.20000076,394.4299927,17.11000061,317.100008
391,391,5.293049812,0.0,18.10000038,0,0.699999988,6.051000117999999,82.5,2.16779995,24,666,20.20000076,378.3800049,18.76000023,487.200016
392,392,11.57789993,0.0,18.10000038,0,0.699999988,5.035999775,97.0,1.769999981,24,666,20.20000076,396.8999939,25.68000031,203.699996
393,393,8.644760132,0.0,18.10000038,0,0.6930000190000001,6.19299984,92.59999847,1.7912000419999998,24,666,20.20000076,396.8999939,15.17000008,289.800004
394,394,13.35980034,0.0,18.10000038,0,0.6930000190000001,5.8870000839999985,94.69999695,1.782099962,24,666,20.20000076,396.8999939,16.35000038,266.699996
395,395,8.716750145,0.0,18.10000038,0,0.6930000190000001,6.471000195,98.80000305,1.725700021,24,666,20.20000076,391.980011,17.12000084,275.100008
396,396,5.872049809,0.0,18.10000038,0,0.6930000190000001,6.40500021,96.0,1.676800013,24,666,20.20000076,396.8999939,19.37000084,262.5
397,397,7.672019958,0.0,18.10000038,0,0.6930000190000001,5.747000217,98.90000153,1.633399963,24,666,20.20000076,393.1000061,19.92000008,178.5
398,398,38.35179901,0.0,18.10000038,0,0.6930000190000001,5.453000069,100.0,1.4895999430000002,24,666,20.20000076,396.8999939,30.59000015,105.0
399,399,9.916549683,0.0,18.10000038,0,0.6930000190000001,5.852000237,77.80000305,1.5003999469999998,24,666,20.20000076,338.1600037,29.96999931,132.300004
400,400,25.04610062,0.0,18.10000038,0,0.6930000190000001,5.986999989,100.0,1.588799953,24,666,20.20000076,396.8999939,26.77000046,117.599998
401,401,14.23620033,0.0,18.10000038,0,0.6930000190000001,6.342999935,100.0,1.5741000180000002,24,666,20.20000076,396.8999939,20.31999969,151.199996
402,402,9.595709801,0.0,18.10000038,0,0.6930000190000001,6.403999805,100.0,1.639000058,24,666,20.20000076,376.1099854,20.30999947,254.100008
403,403,24.80170059,0.0,18.10000038,0,0.6930000190000001,5.348999977,96.0,1.702800035,24,666,20.20000076,396.8999939,19.77000046,174.300004
404,404,41.52920151,0.0,18.10000038,0,0.6930000190000001,5.531000137,85.40000153,1.60739994,24,666,20.20000076,329.4599915,27.37999916,178.5
405,405,67.92079926,0.0,18.10000038,0,0.6930000190000001,5.683000087999999,100.0,1.425400019,24,666,20.20000076,384.9700012,22.97999954,105.0
406,406,20.71619987,0.0,18.10000038,0,0.658999979,4.138000011,100.0,1.17809999,24,666,20.20000076,370.2200012,23.34000015,249.899992
407,407,11.95110035,0.0,18.10000038,0,0.658999979,5.607999802,100.0,1.2852,24,666,20.20000076,332.0899963,12.13000011,585.899992
408,408,7.403890132999999,0.0,18.10000038,0,0.597000003,5.617000103,97.90000153,1.4546999930000002,24,666,20.20000076,314.6400146000001,26.39999962,361.200016
409,409,14.43830013,0.0,18.10000038,0,0.597000003,6.852000237,100.0,1.4654999969999998,24,666,20.20000076,179.3600006,19.78000069,577.5
410,410,51.13579941,0.0,18.10000038,0,0.597000003,5.756999969,100.0,1.4129999880000002,24,666,20.20000076,2.599999905,10.10999966,315.0
411,411,14.05070019,0.0,18.10000038,0,0.597000003,6.657000065,100.0,1.527500033,24,666,20.20000076,35.04999924,21.21999931,361.200016
412,412,18.81100082,0.0,18.10000038,0,0.597000003,4.627999783,100.0,1.553900003,24,666,20.20000076,28.79000092,34.36999893,375.899992
413,413,28.65579987,0.0,18.10000038,0,0.597000003,5.15500021,100.0,1.589400053,24,666,20.20000076,210.9700012,20.07999992,342.299984
414,414,45.74610138,0.0,18.10000038,0,0.6930000190000001,4.519000053,100.0,1.658200026,24,666,20.20000076,88.26999664,36.97999954,147.0
415,415,18.08460045,0.0,18.10000038,0,0.67900002,6.434000015,100.0,1.834699988,24,666,20.20000076,27.25,29.04999924,151.199996
416,416,10.83419991,0.0,18.10000038,0,0.67900002,6.782000065,90.80000305,1.819499969,24,666,20.20000076,21.56999969,25.79000092,157.5
417,417,25.94059944,0.0,18.10000038,0,0.67900002,5.303999901,89.09999847,1.6475000380000002,24,666,20.20000076,127.3600006,26.63999939,218.399992
418,418,73.53410339,0.0,18.10000038,0,0.67900002,5.956999778999998,100.0,1.802600026,24,666,20.20000076,16.45000076,20.62000084,184.800004
419,419,11.81229973,0.0,18.10000038,0,0.717999995,6.823999882000001,76.5,1.79400003,24,666,20.20000076,48.45000076,22.73999977,176.399992
420,420,11.08740044,0.0,18.10000038,0,0.717999995,6.410999775,100.0,1.858899951,24,666,20.20000076,318.75,15.02000046,350.700016
421,421,7.02259016,0.0,18.10000038,0,0.717999995,6.006000042,95.30000305,1.874600053,24,666,20.20000076,319.980011,15.69999981,298.199996
422,422,12.04819965,0.0,18.10000038,0,0.614000022,5.647999763,87.59999847,1.951200008,24,666,20.20000076,291.5499878,14.10000038,436.799984
423,423,7.050419807000001,0.0,18.10000038,0,0.614000022,6.103000164,85.09999847,2.021800041,24,666,20.20000076,2.519999981,23.29000092,281.399992
424,424,8.79211998,0.0,18.10000038,0,0.583999991,5.565000057000001,70.59999847,2.063499928,24,666,20.20000076,3.650000095,17.15999985,245.699996
425,425,15.86030006,0.0,18.10000038,0,0.67900002,5.895999907999999,95.40000153,1.909600019,24,666,20.20000076,7.679999828,24.38999939,174.300004
426,426,12.24720001,0.0,18.10000038,0,0.583999991,5.836999893,59.70000076,1.997599959,24,666,20.20000076,24.64999962,15.68999958,214.199996
427,427,37.66189957,0.0,18.10000038,0,0.67900002,6.202000141,78.69999695,1.862900019,24,666,20.20000076,18.81999969,14.52000046,228.899992
428,428,7.367109776,0.0,18.10000038,0,0.67900002,6.19299984,78.09999847,1.935600042,24,666,20.20000076,96.73000336,21.52000046,231.0
429,429,9.338890076,0.0,18.10000038,0,0.67900002,6.380000114,95.59999847,1.968199968,24,666,20.20000076,60.72000122,24.07999992,199.5
430,430,8.49213028,0.0,18.10000038,0,0.583999991,6.34800005,86.09999847,2.052700043,24,666,20.20000076,83.44999695,17.63999939,304.5
431,431,10.06229973,0.0,18.10000038,0,0.583999991,6.833000182999999,94.30000305,2.088200092,24,666,20.20000076,81.33000183,19.69000053,296.100008
432,432,6.444049835,0.0,18.10000038,0,0.583999991,6.4250001910000005,74.80000305,2.200400114,24,666,20.20000076,97.94999695,12.02999973,338.100008
433,433,5.581069946,0.0,18.10000038,0,7.13,6.43599987,87.90000153,2.315799952,24,666,20.20000076,100.1900024,16.21999931,300.300004
434,434,13.9133997,0.0,18.10000038,0,7.13,6.208000182999999,95.0,2.222199917,24,666,20.20000076,100.6299973,15.17000008,245.699996
435,435,11.16040039,0.0,18.10000038,0,0.74000001,6.629000187000001,94.59999847,2.124700069,24,666,20.20000076,109.8499985,23.27000046,281.399992
436,436,14.42080021,0.0,18.10000038,0,0.74000001,6.460999966,93.30000305,2.002599955,24,666,20.20000076,27.48999977,18.04999924,201.600008
437,437,15.17720032,0.0,18.10000038,0,0.74000001,6.15199995,100.0,1.914199948,24,666,20.20000076,9.319999695,26.45000076,182.699996
438,438,13.67809963,0.0,18.10000038,0,0.74000001,5.934999942999999,87.90000153,1.820600033,24,666,20.20000076,68.94999695,34.02000046,176.399992
439,439,9.390629768,0.0,18.10000038,0,0.74000001,5.626999855,93.90000153,1.817199945,24,666,20.20000076,396.8999939,22.87999916,268.800004
440,440,22.05109978,0.0,18.10000038,0,0.74000001,5.81799984,92.40000153,1.86619997,24,666,20.20000076,391.4500122,22.11000061,220.5
441,441,9.724180222000001,0.0,18.10000038,0,0.74000001,6.406000137,97.19999695,2.065099955,24,666,20.20000076,385.9599915,19.52000046,359.100008
442,442,5.666369915,0.0,18.10000038,0,0.74000001,6.218999863,100.0,2.004800081,24,666,20.20000076,395.6900024,16.59000015,386.399992
443,443,9.966540337,0.0,18.10000038,0,0.74000001,6.485000134,100.0,1.978399992,24,666,20.20000076,386.730011,18.85000038,323.399992
444,444,12.80230045,0.0,18.10000038,0,0.74000001,5.854000092000001,96.59999847,1.895599961,24,666,20.20000076,240.5200043,23.79000092,226.800004
445,445,10.67179966,0.0,18.10000038,0,0.74000001,6.459000111,94.80000305,1.987900019,24,666,20.20000076,43.06000137,23.97999954,247.800004
446,446,6.288070202,0.0,18.10000038,0,0.74000001,6.34100008,96.40000153,2.072000027,24,666,20.20000076,318.0100098000001,17.79000092,312.899992
447,447,9.924850464,0.0,18.10000038,0,0.74000001,6.250999928,96.59999847,2.197999954,24,666,20.20000076,388.519989,16.44000053,264.600008
448,448,9.329090118,0.0,18.10000038,0,7.13,6.184999942999999,98.69999695,2.261600018,24,666,20.20000076,396.8999939,18.12999916,296.100008
449,449,7.5260100360000015,0.0,18.10000038,0,7.13,6.416999817000001,98.30000305,2.184999943,24,666,20.20000076,304.2099915,19.30999947,273.0
450,450,6.717720032000001,0.0,18.10000038,0,7.13,6.749000072,92.59999847,2.323600054,24,666,20.20000076,0.319999993,17.44000053,281.399992
451,451,5.441140175,0.0,18.10000038,0,7.13,6.65500021,98.19999695,2.355200052,24,666,20.20000076,355.2900085,17.72999954,319.199996
452,452,5.090169907,0.0,18.10000038,0,7.13,6.296999931,91.80000305,2.3682000640000003,24,666,20.20000076,385.0899963,17.27000046,338.100008
453,453,8.24808979,0.0,18.10000038,0,7.13,7.393000126,99.30000305,2.4526999,24,666,20.20000076,375.8699951,16.73999977,373.799984
454,454,9.513629912999999,0.0,18.10000038,0,7.13,6.728000164,94.09999847,2.496099949,24,666,20.20000076,6.679999828,18.70999908,312.899992
455,455,4.752369881,0.0,18.10000038,0,7.13,6.525000095,86.5,2.435800076,24,666,20.20000076,50.91999817,18.12999916,296.100008
456,456,4.668829918,0.0,18.10000038,0,7.13,5.975999832,87.90000153,2.580600023,24,666,20.20000076,10.47999954,19.01000023,266.699996
457,457,8.200579643,0.0,18.10000038,0,7.13,5.93599987,80.30000305,2.779200077,24,666,20.20000076,3.5,16.94000053,283.5
458,458,7.752230167,0.0,18.10000038,0,7.13,6.301000117999999,83.69999695,2.78309989,24,666,20.20000076,272.2099915,16.22999954,312.899992
459,459,6.801169872000001,0.0,18.10000038,0,7.13,6.0809998510000005,84.40000153,2.717499971,24,666,20.20000076,396.8999939,14.69999981,420.0
460,460,4.812129973999999,0.0,18.10000038,0,7.13,6.701000214,90.0,2.597500086,24,666,20.20000076,255.2299957,16.42000008,344.399992
461,461,3.693109989,0.0,18.10000038,0,7.13,6.375999928,88.40000153,2.567100048,24,666,20.20000076,391.4299927,14.64999962,371.700016
462,462,6.654920101,0.0,18.10000038,0,7.13,6.316999912000001,83.0,2.734400034,24,666,20.20000076,396.8999939,13.98999977,409.5
463,463,5.821149826,0.0,18.10000038,0,7.13,6.513000011,89.90000153,2.801599979,24,666,20.20000076,393.8200073,10.28999996,424.200016
464,464,7.839320183,0.0,18.10000038,0,0.6549999710000001,6.209000111,65.40000153,2.963399887,24,666,20.20000076,396.8999939,13.22000027,449.399992
465,465,3.163599968,0.0,18.10000038,0,0.6549999710000001,5.758999825,48.20000076,3.066499949,24,666,20.20000076,334.3999939,14.13000011,417.899992
466,466,3.774980068,0.0,18.10000038,0,0.6549999710000001,5.952000141,84.69999695,2.871500015,24,666,20.20000076,22.01000023,17.14999962,399.0
467,467,4.422279835,0.0,18.10000038,0,0.583999991,6.002999783,94.5,2.540299892,24,666,20.20000076,331.2900085,21.31999969,401.100008
468,468,15.57569981,0.0,18.10000038,0,0.579999983,5.926000117999999,71.0,2.908400059,24,666,20.20000076,368.7399902,18.12999916,401.100008
469,469,13.07509995,0.0,18.10000038,0,0.579999983,5.712999821,56.70000076,2.823699951,24,666,20.20000076,396.8999939,14.76000023,422.100008
470,470,4.348790169,0.0,18.10000038,0,0.579999983,6.166999817000001,84.0,3.033400059,24,666,20.20000076,396.8999939,16.29000092,417.899992
471,471,4.038410187,0.0,18.10000038,0,0.532000005,6.229000092000001,90.69999695,3.0992999080000003,24,666,20.20000076,395.3299866,12.86999989,411.600008
472,472,3.568680048,0.0,18.10000038,0,0.579999983,6.436999798,75.0,2.8965001110000004,24,666,20.20000076,393.3699951,14.35999966,487.200016
473,473,4.646890163,0.0,18.10000038,0,0.614000022,6.9800000189999984,67.59999847,2.532900095,24,666,20.20000076,374.6799927,11.65999985,625.799984
474,474,8.055789948,0.0,18.10000038,0,0.583999991,5.427000046,95.40000153,2.429800034,24,666,20.20000076,352.5799866000001,18.13999939,289.800004
475,475,6.393119812,0.0,18.10000038,0,0.583999991,6.162000179,97.40000153,2.20600009,24,666,20.20000076,302.7600098000001,24.10000038,279.300004
476,476,4.871409893,0.0,18.10000038,0,0.614000022,6.484000206,93.59999847,2.305299997,24,666,20.20000076,396.2099915,18.68000031,350.700016
477,477,15.02340031,0.0,18.10000038,0,0.614000022,5.303999901,97.30000305,2.100699902,24,666,20.20000076,349.480011,24.90999985,252.0
478,478,10.2329998,0.0,18.10000038,0,0.614000022,6.184999942999999,96.69999695,2.17050004,24,666,20.20000076,379.7000122,18.03000069,306.600008
479,479,14.33370018,0.0,18.10000038,0,0.614000022,6.229000092000001,88.0,1.951200008,24,666,20.20000076,383.3200073,13.10999966,449.399992
480,480,5.824009895,0.0,18.10000038,0,0.532000005,6.242000103,64.69999695,3.4242000580000003,24,666,20.20000076,396.8999939,10.73999977,483.0
481,481,5.708179951,0.0,18.10000038,0,0.532000005,6.75,74.90000153,3.331700087,24,666,20.20000076,393.0700073,7.739999771,497.700016
482,482,5.7311601639999985,0.0,18.10000038,0,0.532000005,7.06099987,77.0,3.410599947,24,666,20.20000076,395.2799988,7.010000229,525.0
483,483,2.818380117,0.0,18.10000038,0,0.532000005,5.7620000839999985,40.29999924,4.09829998,24,666,20.20000076,392.9200134,10.42000008,457.799984
484,484,2.37857008,0.0,18.10000038,0,0.583000004,5.870999812999999,41.90000153,3.723999977,24,666,20.20000076,370.730011,13.34000015,432.600008
485,485,3.673670053,0.0,18.10000038,0,0.583000004,6.311999798,51.90000153,3.991699934,24,666,20.20000076,388.6199951,10.57999992,445.200016
486,486,5.69175005,0.0,18.10000038,0,0.583000004,6.1139998439999985,79.80000305,3.5459001060000004,24,666,20.20000076,392.6799927,14.97999954,401.100008
487,487,4.835669994,0.0,18.10000038,0,0.583000004,5.90500021,53.20000076,3.152299881,24,666,20.20000076,388.2200012,11.44999981,432.600008
488,488,0.150859997,0.0,27.73999977,0,0.609000027,5.453999996,92.69999695,1.820899963,4,711,20.10000038,395.0899963,18.05999947,319.199996
489,489,0.183369994,0.0,27.73999977,0,0.609000027,5.414000034,98.30000305,1.755399942,4,711,20.10000038,344.0499878,23.96999931,147.0
490,490,0.207460001,0.0,27.73999977,0,0.609000027,5.092999935,98.0,1.822600007,4,711,20.10000038,318.4299927,29.68000031,170.100008
491,491,0.105740003,0.0,27.73999977,0,0.609000027,5.982999802,98.80000305,1.868100047,4,711,20.10000038,390.1099854,18.06999969,285.600008
492,492,0.111319996,0.0,27.73999977,0,0.609000027,5.982999802,83.5,2.109899998,4,711,20.10000038,396.8999939,13.35000038,422.100008
493,493,0.173309997,0.0,9.68999958,0,0.584999979,5.706999778999998,54.0,2.381700039,6,391,19.20000076,396.8999939,12.01000023,457.799984
494,494,0.279570013,0.0,9.68999958,0,0.584999979,5.926000117999999,42.59999847,2.381700039,6,391,19.20000076,396.8999939,13.59000015,514.5
495,495,0.178990006,0.0,9.68999958,0,0.584999979,5.670000076,28.79999924,2.798599958,6,391,19.20000076,393.2900085,17.60000038,485.100008
496,496,0.289600015,0.0,9.68999958,0,0.584999979,5.389999866,72.90000153,2.798599958,6,391,19.20000076,396.8999939,21.13999939,413.700016
497,497,0.268379986,0.0,9.68999958,0,0.584999979,5.794000149,70.59999847,2.892699957,6,391,19.20000076,396.8999939,14.10000038,384.299984
498,498,0.239120007,0.0,9.68999958,0,0.584999979,6.019000052999999,65.30000305,2.409100056,6,391,19.20000076,396.8999939,12.92000008,445.200016
499,499,0.17782999600000002,0.0,9.68999958,0,0.584999979,5.568999767,73.5,2.39989996,6,391,19.20000076,395.769989,15.10000038,367.5
500,500,0.224380001,0.0,9.68999958,0,0.584999979,6.02699995,79.69999695,2.49819994,6,391,19.20000076,396.8999939,14.32999992,352.799984
501,501,0.06262999799999999,0.0,11.93000031,0,0.573000014,6.592999935,69.09999847,2.478600025,1,273,21.0,391.9899902,9.670000076,470.399992
502,502,0.04527,0.0,11.93000031,0,0.573000014,6.119999886,76.69999695,2.287499905,1,273,21.0,396.8999939,9.079999924,432.600008
503,503,0.060759999,0.0,11.93000031,0,0.573000014,6.975999832,91.0,2.167500019,1,273,21.0,396.8999939,5.639999866,501.899992
504,504,0.109590001,0.0,11.93000031,0,0.573000014,6.794000149,89.30000305,2.388900042,1,273,21.0,393.4500122,6.4800000189999984,462.0
505,505,0.04741,0.0,11.93000031,0,0.573000014,6.03000021,80.80000305,2.505000114,1,273,21.0,396.8999939,7.880000113999999,249.899992
